Medical_disease,Medical_diseases_others
B-cell lymphoma (clinical)[SNOMED:109979007],
Bell's palsy[SNOMED:193093009],
Intervertebral disc prolapse[SNOMED:73589001],
Bipolar disorder[SNOMED:13746004],
Carcinoma of breast[SNOMED:254838004],
Carcinoma[SNOMED:1187425009],
Cervical tuberculous lymphadenitis[SNOMED:54084005],
Ventricular septal defect[SNOMED:30288003],
Ductal carcinoma in situ of breast[SNOMED:109889007],
Epilepsy[SNOMED:84757009],
Tuberculosis of female genital organs[SNOMED:74181004],
TB - (tuberculosis) chemotherapy[SNOMED:182975000],
Graves disease[SNOMED:353295004],
History of tuberculosis drug therapy[SNOMED:473151000],
Genital tuberculosis[SNOMED:281623008],
Hyperprolactinemia[SNOMED:237662005],
Trichobezoar[SNOMED:235679000],
Ectopic pregnancy[SNOMED:34801009],
Primary mucinous adenocarcinoma of appendix[SNOMED:721672004],
Pseudomyxoma peritonei[SNOMED:307601000],
Hidradenitis suppurativa[SNOMED:59393003],
Hodgkin's disease (clinical)[SNOMED:118599009],
Entire tibia[SNOMED:182061009],
Hypertensive disorder[SNOMED:38341003],
Amlodipine[SNOMED:386864001],
Type 2 diabetes mellitus[SNOMED:44054006],
Hypothyroidism[SNOMED:40930008],
Tuberculosis of abdomen[SNOMED:447330002],
Graves' disease[SNOMED:353295004],
Endometrioma of left ovary[SNOMED:695449561000119100],
Endometriosis (clinical)[SNOMED:129103003],
Vasopressin-related polyuria[SNOMED:1296758008],
Psychiatric[SNOMED:27296002],
Pulmonary tuberculosis[SNOMED:154283005],
Systemic lupus erythematosus[SNOMED:55464009],