Slot_columns,,
Uterine size_length (cm),,
Uterine size_width (cm),,
Uterine size_transverse diameter (cm),,
Uterine size_volume (cm),,
Day of cycle,,
Adenomyosis,,
,Globular,
,Asymmetrical thickening,
,Cysts,
,Hyperechoic islands,
,Fan-shaped shadowing,
,Echogenic subendometrial lines and buds,
,Translesional Vascularity,
,Irregular junctional zone,
,Interrupted junctional zone,
Calcifications,,
,Yes,
,No,
Fibroids,,
,Yes,
,No,
Number of fibroids,,
,1,
,2,
,3,
,4,
,5,
,6,
,7,
,8,
,9,
,10,
Fibroids_location,,
,Anterior wall,
,Posterior wall,
,Fundal,
,Right lateral ,
,Left lateral,
,Cervical,
Fibroids_size,,
Fibroid_stages(FIGO),,
,FIGO_0,
,FIGO_1,
,FIGO_2,
,FIGO_3,
,FIGO_4,
,FIGO_5,
,FIGO_6,
,FIGO_7,
,FIGO_8,
,FIGO_2-5,
Endometrial cavity,,
,Normal,
,,3D
,,4D
,Adhesions,
,Fluid in cavity,
Endometrial-Myometrial Junction(EC),,
,well defined,
,Ill-defined,
,irregular,
,interrupted,
Septate_finding(EC),,
,Yes,
,No,
Endometrial_cavity_Septate_Angle(EC),,
Endometrial_cavity_Length of septum(EC),,
Bicornuate Uterus(EC),,
,Yes,
,No,
Bicornuate Uterus_Right volume(EC),,
Bicornuate Uterus_Left volume(EC),,
Unicornuate Uterus(EC),,
,Yes,
,No,
Unicornuate Uterus_volume(EC),,
Polyp(EC),,
,Present,
,Absent,
Number of polyps(EC),,
Dimensions_of_Polyps(EC),,
Antral Follicle Count Right ovary,,
Antral Follicle Count Left ovary,,
Right ovary dimensions,,
Left ovary dimensions,,
Endometrioma,Present,
,Absent,
Number_of_Endometrioma,,
Number of follicles accessicble(Endometrioma),,
Number of follicles inaccessicble(Endometrioma),,
,,
Endometrioma_Right_Ovary_Dimensions,,
Endometrioma_Left_Ovary_Dimensions,,
Focal Adenomyoma dimensions,,
Hydrosalpinx,,
,Right Hyodrosalpinx,
,Left Hyodrosalpinx,
,Both Hyodrosalpinx,
Hydrosalpinx dimensions,,
Day_14-16_Endometrial_Thickness_measurements(mm),,
Day_14-16_Endometrial_Thickness_Pattern,,
,Trilaminar,
,Diffuse,
,Fluid,
Ovarian Dermoid,,
,Yes,
,No,
Right_Ovary_Dermoid_Dimensions,,
Left_Ovary_Dermoid_Dimensions,,
,,
Haemorragic cyst,,
,Yes,
,No,
Right_ovary_Haemorragic cyst_Dimensions,,
Left_ovary_Haemorragic cyst_Dimensions,,
,,
Corpus luteum,,
,Yes,
,No,
Corpus  luteum_Right_Ovary_Dimensions,,
Corpus  luteum_Left_Ovary_Dimensions,,
,,
Paro-ovarian cyst,,
,Yes,
,No,
Paro-ovarian cyst_Right_Dimensions,,
Paro-ovarian cyst_Left_Dimensions,,