Endometrial Aspiration Histopathological Examination,,Endometrial Aspiration Polymerase Chain Reaction,Endometrial Aspiration Acid Fast Bacillus
Atrophic endometrium,,Not available,Not available
Benign endometrium,,Negative,Negative
Proliferative endometrium,,Not done,Not done
Disordered proliferative endometrium,,Positive,Positive
Early secretory endometrium,,,
Mid secretory ,,,
Late srcretory,,,
Endometrial hyperplasia ,,,
,with atypia ,,
,without atypia ,,
Epitheloid cells,,,
Granuloma,,,
,Absent,,
,No,,
Fragmented Endometrial Glands,,,
Interval phase endometrium,,,