Female factor,,,,Female factor Others
Tubal factor,,,,
,Tubal block unilateral,,,
,Tubal block bilateral,,,
,Previous ectopic,,,
,Hydrosalpinx,,,
,Hematosalpinx,,,
Diminished ovarian reserve,,,,
,Borderline Ovarian Reserve,,,
,Patient-Oriented Strategies Encompassing IndividualizeD Oocyte Number (POSEIDON),,,
,,POSEIDON GROUP 1,,
,,,POSEIDON GROUP 1a,
,,,POSEIDON GROUP 1b,
,,POSEIDON GROUP 2,,
,,,POSEIDON GROUP 2a,
,,,POSEIDON GROUP 2b,
,,POSEIDON GROUP 3,,
,,POSEIDON GROUP 4,,
,,,,
Endometriosis,,,,
,American Society for Reproductive Medicine-ASRM,,,
,Endometriosis Fertility Index-EFI,,,
Polycystic ovary syndrome(PCOS),,,,
,Phenotype A (Classic/Severe),,,
,Phenotype B (Classic),,,
,Phenotype C (Ovulatory),,,
,Phenotype D (Mild/Non-hyperandrogenic),,,
Uterine Factor,,,,
,Adenomyosis,,,
,Fibroids,,,
,Polyps,,,
,Asherman's,,,
,Septate Uterus,,,
,Unicornuate uterus,,,
Female infertility due to advanced maternal age,,,,
Others,,,,
,Hypogonadotropic hypogonadism,,,
,Oncofertility,,,
,H/O Tuberculosis (To be discussed),,,
,Turner Mosaic,,,
,Unexplained Infertility,,,
,Serodiscordant couple,,,