Hysteroscopy_finding,,Hysteroscopy_dimensions(cm),Operative_hysteroscopy
Ostia,,,Uterine Polypectomy
,Deep seated,,Metroplasty
,Normal,,Septal resection
,Peri-ostial adhesion,,Myomectomy
,Right ostia not seen,,Adhesiolysis
,Left ostia not seen,,Platelet Rich Plasma (PRP)/Stem cell instillation
,Both ostia not seen,,
Endometrium,,,
,Normal,,
,Pale,,
,Micropolyps,,
,Thin,,
,Congested,,
,Fibrosis ,,
,Polypoidal,,
Endometrial cavity,,,
,Normal,,
,Polyp,,
,Septum,,
,Adhesion,,
,Fibroid,,
,Subseptate,,
,Tubular,,
,Adequate,,
,,,
Cervical canal direction,,,
,Normal,,
,Straight,,
,Towards left,,
,Towards right,,
,Adhesions,,
,Anteverted,,
,Retroverted,,