Surgery,,Intra-operative finding,surgery_others,year/date
Laparoscopy ,,,,
Open,,,,
Laparoscopy converted to open,,,,
Uterine Adenomyomectomy,,,,
Uterine Myomectomy,,,,
Uterine Isthmocele Repair,,,,
Endometriotic Cystectomy,,,,
,Right,,,
,Left,,,
,Bilateral,,,
Endometriotic Bipolar Ablation,,,,
,Right,,,
,Left,,,
,Bilateral,,,
Endometriotic Argon Plasma Coagulation,,,,
,Right,,,
,Left,,,
,Bilateral,,,
Endometriotic Drainage,,,,
,Right,,,
,Left,,,
,Bilateral,,,
Endometriotic Sclerotherapy,,,,
,Right,,,
,Left,,,
,Bilateral,,,
Endometriosis Oophorectomy,,,,
,Right,,,
,Left,,,
,Bilateral,,,
Ovarian Dermoid/Mature Teratoma ,,,,
,Right,,,
,Left,,,
,Bilateral,,,
Simple Ovarian Cyst,,,,
,Right,,,
,Left,,,
,Bilateral,,,
Paraovarian Cyst,,,,
Ovarian Cyst Aspiration,,,,
,Right,,,
,Left,,,
,Bilateral,,,
Oophorectomy,,,,
,Right,,,
,Left,,,
,Bilateral,,,
Ovarian Cystectomy,,,,
,Right,,,
,Left,,,
,Bilateral,,,
Chromopertubation of Fallopian tubes,,,,
,Right,,,
,Left,,,
,Bilateral,,,
Tubal cannulation,,,,
,Right,,,
,Left,,,
,Bilateral,,,
Salpingectomy of Fallopian tubes,,,,
,Right,,,
,Left,,,
,Bilateral,,,
Fimbrioplasty of Fallopian tubes,,,,
,Right,,,
,Left,,,
,Bilateral,,,
Tubal clipping of Fallopian tubes,,,,
,Right,,,
,Left,,,
,Bilateral,,,
Recanalization of Fallopian tubes,,,,
,Right,,,
,Left,,,
,Bilateral,,,
Peritoneal Adhesiolysis,,,,
Peritonectomy,,,,