Uuid,Void/Retire,Short name:en,Fully specified name:en,Description:en,Data class,Data Type,Answers,_version:1,_order:500
c0010002-0000-0000-0000-000000000001,,,Legislators senior officials and managers,Legislators senior officials and managers,Misc,N/A,,,
c0010002-0000-0000-0000-000000000002,,,Professionals,Professionals,Misc,N/A,,,
c0010002-0000-0000-0000-000000000003,,,Technicians and associate professionals,Technicians and associate professionals,Misc,N/A,,,
c0010002-0000-0000-0000-000000000004,,,Clerks,Clerks,Misc,N/A,,,
c0010002-0000-0000-0000-000000000005,,,Skilled workers and shop and market sale workers,Skilled workers and shop and market sale workers,Misc,N/A,,,
c0010002-0000-0000-0000-000000000006,,,Skilled agricultural and fishery workers,Skilled agricultural and fishery workers,Misc,N/A,,,
c0010002-0000-0000-0000-000000000007,,,Craft and related trade workers,Craft and related trade workers,Misc,N/A,,,
c0010002-0000-0000-0000-000000000008,,,Plant and machine operators and assemblers,Plant and machine operators and assemblers,Misc,N/A,,,
c0010002-0000-0000-0000-000000000009,,,Elementary occupation,Elementary occupation,Misc,N/A,,,
c0010002-0000-0000-0000-000000000010,,,Unemployed,Unemployed,Misc,N/A,,,
c0010002-0000-0000-0000-000000000101,,,Primary infertility,Primary infertility,Misc,N/A,,,
c0010002-0000-0000-0000-000000000102,,,Secondary infertility,Secondary infertility,Misc,N/A,,,
c0010002-0000-0000-0000-000000000201,,,Regular periods,Regular periods,Misc,N/A,,,
c0010002-0000-0000-0000-000000000202,,,Irregular periods,Irregular periods,Misc,N/A,,,
c0010002-0000-0000-0000-000000000203,,,Oligomenorrhea,Oligomenorrhea,Misc,N/A,,,
c0010002-0000-0000-0000-000000000204,,,Polymenorrhea,Polymenorrhea,Misc,N/A,,,
c0010002-0000-0000-0000-000000000205,,,Normal,Normal menstrual flow,Misc,N/A,,,
c0010002-0000-0000-0000-000000000206,,,Hypomenorrhoea,Hypomenorrhoea,Misc,N/A,,,
c0010002-0000-0000-0000-000000000207,,,Primary Amenorrhoea,Primary Amenorrhoea,Misc,N/A,,,
c0010002-0000-0000-0000-000000000208,,,Secondary Amenorrhoea,Secondary Amenorrhoea,Misc,N/A,,,
c0010002-0000-0000-0000-000000000209,,,Heavy Menstrual Bleeding (HMB),Heavy Menstrual Bleeding (HMB),Misc,N/A,,,
c0010002-0000-0000-0000-000000000210,,,Amenorrhoea,Amenorrhoea,Misc,N/A,,,
c0010002-0000-0000-0000-000000000301,,,Tubal factor,Tubal factor,Misc,N/A,,,
c0010002-0000-0000-0000-000000000302,,,Diminished ovarian reserve,Diminished ovarian reserve,Misc,N/A,,,
c0010002-0000-0000-0000-000000000303,,,Endometriosis,Endometriosis,Misc,N/A,,,
c0010002-0000-0000-0000-000000000304,,,Polycystic ovary syndrome (PCOS),Polycystic ovary syndrome (PCOS),Misc,N/A,,,
c0010002-0000-0000-0000-000000000305,,,Uterine Factor,Uterine Factor,Misc,N/A,,,
c0010002-0000-0000-0000-000000000306,,,Female infertility due to advanced maternal age,Female infertility due to advanced maternal age,Misc,N/A,,,
c0010002-0000-0000-0000-000000000307,,,Other female factors,Other female factors,Misc,N/A,,,
c0010002-0000-0000-0000-000000000311,,,Tubal block unilateral,Tubal block unilateral,Misc,N/A,,,
c0010002-0000-0000-0000-000000000312,,,Tubal block bilateral,Tubal block bilateral,Misc,N/A,,,
c0010002-0000-0000-0000-000000000313,,,Previous ectopic,Previous ectopic,Misc,N/A,,,
c0010002-0000-0000-0000-000000000314,,,Hydrosalpinx,Hydrosalpinx,Misc,N/A,,,
c0010002-0000-0000-0000-000000000315,,,Hematosalpinx,Hematosalpinx,Misc,N/A,,,
c0010002-0000-0000-0000-000000000321,,,Borderline Ovarian Reserve,Borderline Ovarian Reserve,Misc,N/A,,,
c0010002-0000-0000-0000-000000000322,,,Patient-Oriented Strategies Encompassing IndividualizeD Oocyte Number (POSEIDON),Patient-Oriented Strategies Encompassing IndividualizeD Oocyte Number (POSEIDON),Misc,N/A,,,
c0010002-0000-0000-0000-000000000323,,,POSEIDON GROUP 1a,POSEIDON GROUP 1a,Misc,N/A,,,
c0010002-0000-0000-0000-000000000324,,,POSEIDON GROUP 1b,POSEIDON GROUP 1b,Misc,N/A,,,
c0010002-0000-0000-0000-000000000325,,,POSEIDON GROUP 2a,POSEIDON GROUP 2a,Misc,N/A,,,
c0010002-0000-0000-0000-000000000326,,,POSEIDON GROUP 2b,POSEIDON GROUP 2b,Misc,N/A,,,
c0010002-0000-0000-0000-000000000327,,,POSEIDON GROUP 3,POSEIDON GROUP 3,Misc,N/A,,,
c0010002-0000-0000-0000-000000000328,,,POSEIDON GROUP 4,POSEIDON GROUP 4,Misc,N/A,,,
c0010002-0000-0000-0000-000000000331,,,American Society for Reproductive Medicine-ASRM,American Society for Reproductive Medicine-ASRM,Misc,N/A,,,
c0010002-0000-0000-0000-000000000332,,,Endometriosis Fertility Index-EFI,Endometriosis Fertility Index-EFI,Misc,N/A,,,
c0010002-0000-0000-0000-000000000341,,,Phenotype A (Classic/Severe),Phenotype A (Classic/Severe),Misc,N/A,,,
c0010002-0000-0000-0000-000000000342,,,Phenotype B (Classic),Phenotype B (Classic),Misc,N/A,,,
c0010002-0000-0000-0000-000000000343,,,Phenotype C (Ovulatory),Phenotype C (Ovulatory),Misc,N/A,,,
c0010002-0000-0000-0000-000000000344,,,Phenotype D (Mild/Non-hyperandrogenic),Phenotype D (Mild/Non-hyperandrogenic),Misc,N/A,,,
c0010002-0000-0000-0000-000000000351,,,Adenomyosis,Adenomyosis,Misc,N/A,,,
c0010002-0000-0000-0000-000000000352,,,Fibroids,Fibroids,Misc,N/A,,,
c0010002-0000-0000-0000-000000000353,,,Polyps,Polyps,Misc,N/A,,,
c0010002-0000-0000-0000-000000000354,,,Asherman's,Asherman's,Misc,N/A,,,
c0010002-0000-0000-0000-000000000355,,,Septate Uterus,Septate Uterus,Misc,N/A,,,
c0010002-0000-0000-0000-000000000356,,,Unicornuate uterus,Unicornuate uterus,Misc,N/A,,,
c0010002-0000-0000-0000-000000000361,,,Hypogonadotropic hypogonadism,Hypogonadotropic hypogonadism,Misc,N/A,,,
c0010002-0000-0000-0000-000000000362,,,Oncofertility,Oncofertility,Misc,N/A,,,
c0010002-0000-0000-0000-000000000363,,,H/O Tuberculosis,H/O Tuberculosis,Misc,N/A,,,
c0010002-0000-0000-0000-000000000364,,,Turner Mosaic,Turner Mosaic,Misc,N/A,,,
c0010002-0000-0000-0000-000000000365,,,Unexplained Infertility,Unexplained Infertility,Misc,N/A,,,
c0010002-0000-0000-0000-000000000366,,,Serodiscordant couple,Serodiscordant couple,Misc,N/A,,,
c0010003-0000-0000-0000-000000000001,,,Upper (I),Kuppuswamy Socioeconomic Class I Upper,Misc,N/A,,,
c0010003-0000-0000-0000-000000000002,,,Upper Middle (II),Kuppuswamy Socioeconomic Class II Upper Middle,Misc,N/A,,,
c0010003-0000-0000-0000-000000000003,,,Lower Middle (III),Kuppuswamy Socioeconomic Class III Lower Middle,Misc,N/A,,,
c0010003-0000-0000-0000-000000000004,,,Upper Lower (IV),Kuppuswamy Socioeconomic Class IV Upper Lower,Misc,N/A,,,
c0010003-0000-0000-0000-000000000005,,,Lower (V),Kuppuswamy Socioeconomic Class V Lower,Misc,N/A,,,
c0010001-0000-0000-0000-000000000001,,,Consultant Unit,AIIMS Clinic Unit,Question,Text,,,
c0010001-0000-0000-0000-000000000002,,,Consultant Name,AIIMS Consultant Treating Physician,Question,Text,,,
c0010001-0000-0000-0000-000000000003,true,,Patient Name,Deprecated - use patient demographics,Question,Text,,,
c0010001-0000-0000-0000-000000000004,,,Patient Age,Patient Age at Visit,Question,Numeric,,,
c0010001-0000-0000-0000-000000000005,true,,Unique Health Identifier,Deprecated - use UHID identifier type,Question,Text,,,
c0010001-0000-0000-0000-000000000006,true,,In-Vitro-Fertilization Number,Deprecated - use IVF identifier type,Question,Text,,,
c0010001-0000-0000-0000-000000000007,,,Husband Name,Husband Name,Question,Text,,,
c0010001-0000-0000-0000-000000000008,,,Husband Age,Husband Age,Question,Numeric,,,
c0010001-0000-0000-0000-000000000009,true,,Husband Body Mass Index,Deprecated - use standard BMI concept 1342,Question,Numeric,,,
c0010001-0000-0000-0000-000000000010,true,,Phone Number Wife,Deprecated - use person attribute telephone number,Question,Text,,,
c0010001-0000-0000-0000-000000000011,,,Phone Number Husband,Phone Number Husband,Question,Text,,,
c0010001-0000-0000-0000-000000000013,true,,Education Husband,Deprecated - use CIEL concept 1712,Question,Coded,,,
c0010001-0000-0000-0000-000000000014,,,Occupation Wife,Occupation Wife,Question,Coded,"c0010002-0000-0000-0000-000000000001;c0010002-0000-0000-0000-000000000002;c0010002-0000-0000-0000-000000000003;c0010002-0000-0000-0000-000000000004;c0010002-0000-0000-0000-000000000005;c0010002-0000-0000-0000-000000000006;c0010002-0000-0000-0000-000000000007;c0010002-0000-0000-0000-000000000008;c0010002-0000-0000-0000-000000000009;c0010002-0000-0000-0000-000000000010",,
c0010001-0000-0000-0000-000000000015,,,Occupation Husband,Occupation Husband,Question,Coded,"c0010002-0000-0000-0000-000000000001;c0010002-0000-0000-0000-000000000002;c0010002-0000-0000-0000-000000000003;c0010002-0000-0000-0000-000000000004;c0010002-0000-0000-0000-000000000005;c0010002-0000-0000-0000-000000000006;c0010002-0000-0000-0000-000000000007;c0010002-0000-0000-0000-000000000008;c0010002-0000-0000-0000-000000000009;c0010002-0000-0000-0000-000000000010",,
c0010001-0000-0000-0000-000000000016,,,Socioeconomic Status,Socioeconomic Status Modified Kuppuswamy,Question,Coded,"c0010003-0000-0000-0000-000000000001;c0010003-0000-0000-0000-000000000002;c0010003-0000-0000-0000-000000000003;c0010003-0000-0000-0000-000000000004;c0010003-0000-0000-0000-000000000005",,
c0010001-0000-0000-0000-000000000017,,,Type of infertility,Type of infertility,Question,Coded,"c0010002-0000-0000-0000-000000000101;c0010002-0000-0000-0000-000000000102",,
c0010001-0000-0000-0000-000000000018,,,Married for years,Married for years,Question,Numeric,,,
c0010001-0000-0000-0000-000000000019,,,Duration of infertility,Duration of infertility,Question,Numeric,,,
c0010001-0000-0000-0000-000000000020,,,Gravida,Gravida,Question,Numeric,,,
c0010001-0000-0000-0000-000000000021,,,Parity,Parity,Question,Numeric,,,
c0010001-0000-0000-0000-000000000022,,,Living Children,Living Children,Question,Numeric,,,
c0010001-0000-0000-0000-000000000023,,,Abortion or Miscarriage,Abortion or Miscarriage,Question,Numeric,,,
c0010001-0000-0000-0000-000000000024,,,Ectopic Pregnancy,Ectopic Pregnancy,Question,Numeric,,,
c0010001-0000-0000-0000-000000000025,,,Pattern of Menstrual cycle,Pattern of Menstrual cycle,Question,Coded,"c0010002-0000-0000-0000-000000000201;c0010002-0000-0000-0000-000000000202;c0010002-0000-0000-0000-000000000203;c0010002-0000-0000-0000-000000000204;c0010002-0000-0000-0000-000000000207;c0010002-0000-0000-0000-000000000208",,
c0010001-0000-0000-0000-000000000026,,,Last menstrual period,Last menstrual period,Question,Date,,,
c0010001-0000-0000-0000-000000000027,,,Flow of Menstrual cycle,Flow of Menstrual cycle,Question,Coded,"c0010002-0000-0000-0000-000000000205;c0010002-0000-0000-0000-000000000206;c0010002-0000-0000-0000-000000000207;c0010002-0000-0000-0000-000000000208;c0010002-0000-0000-0000-000000000209;c0010002-0000-0000-0000-000000000210",,
c0010001-0000-0000-0000-000000000028,,,Irregular cycle type,Irregular cycle type,Question,Coded,"c0010002-0000-0000-0000-000000000203;c0010002-0000-0000-0000-000000000204",,
c0010001-0000-0000-0000-000000000029,,,Type of Amenorrhoea,Type of Amenorrhoea,Question,Coded,"c0010002-0000-0000-0000-000000000207;c0010002-0000-0000-0000-000000000208",,
c0010001-0000-0000-0000-000000000030,,,Female Infertility Factor,Female Infertility Factor,Question,Coded,"c0010002-0000-0000-0000-000000000301;c0010002-0000-0000-0000-000000000302;c0010002-0000-0000-0000-000000000303;c0010002-0000-0000-0000-000000000304;c0010002-0000-0000-0000-000000000305;c0010002-0000-0000-0000-000000000306;c0010002-0000-0000-0000-000000000307",,
c0010001-0000-0000-0000-000000000031,,,Tubal Factor Details,Tubal Factor Details,Question,Coded,"c0010002-0000-0000-0000-000000000311;c0010002-0000-0000-0000-000000000312;c0010002-0000-0000-0000-000000000313;c0010002-0000-0000-0000-000000000314;c0010002-0000-0000-0000-000000000315",,
c0010001-0000-0000-0000-000000000032,,,Diminished Ovarian Reserve Details,Diminished Ovarian Reserve Details,Question,Coded,"c0010002-0000-0000-0000-000000000321;c0010002-0000-0000-0000-000000000322",,
c0010001-0000-0000-0000-000000000033,,,POSEIDON Group,POSEIDON Group,Question,Coded,"c0010002-0000-0000-0000-000000000323;c0010002-0000-0000-0000-000000000324;c0010002-0000-0000-0000-000000000325;c0010002-0000-0000-0000-000000000326;c0010002-0000-0000-0000-000000000327;c0010002-0000-0000-0000-000000000328",,
c0010001-0000-0000-0000-000000000034,,,Endometriosis Classification,Endometriosis Classification,Question,Coded,"c0010002-0000-0000-0000-000000000331;c0010002-0000-0000-0000-000000000332",,
c0010001-0000-0000-0000-000000000035,,,PCOS Phenotype,PCOS Phenotype,Question,Coded,"c0010002-0000-0000-0000-000000000341;c0010002-0000-0000-0000-000000000342;c0010002-0000-0000-0000-000000000343;c0010002-0000-0000-0000-000000000344",,
c0010001-0000-0000-0000-000000000036,,,Uterine Factor Details,Uterine Factor Details,Question,Coded,"c0010002-0000-0000-0000-000000000351;c0010002-0000-0000-0000-000000000352;c0010002-0000-0000-0000-000000000353;c0010002-0000-0000-0000-000000000354;c0010002-0000-0000-0000-000000000355;c0010002-0000-0000-0000-000000000356",,
c0010001-0000-0000-0000-000000000037,,,Other Female Infertility Factors,Other Female Infertility Factors,Question,Coded,"c0010002-0000-0000-0000-000000000361;c0010002-0000-0000-0000-000000000362;c0010002-0000-0000-0000-000000000363;c0010002-0000-0000-0000-000000000364;c0010002-0000-0000-0000-000000000365;c0010002-0000-0000-0000-000000000366",,
c0010001-0000-0000-0000-000000000038,,,Female Factor Others,Female Factor Others (Clinical Notes),Question,Text,,,
c0010002-0000-0000-0000-000000000401,,,Azoospermia,Azoospermia,Misc,N/A,,,
c0010002-0000-0000-0000-000000000402,,,Oligozoospermia,Oligozoospermia,Misc,N/A,,,
c0010002-0000-0000-0000-000000000403,,,Asthenozoospermia,Asthenozoospermia,Misc,N/A,,,
c0010002-0000-0000-0000-000000000404,,,Teratozoospermia,Teratozoospermia,Misc,N/A,,,
c0010002-0000-0000-0000-000000000405,,,Unexplained Infertility (Male),Unexplained Infertility (Male),Misc,N/A,,,
c0010002-0000-0000-0000-000000000406,,,Erectile dysfunction,Erectile dysfunction,Misc,N/A,,,
c0010002-0000-0000-0000-000000000407,,,Ejaculatory Dysfunction,Ejaculatory Dysfunction,Misc,N/A,,,
c0010002-0000-0000-0000-000000000408,,,Retrograde Ejaculation,Retrograde Ejaculation,Misc,N/A,,,
c0010002-0000-0000-0000-000000000409,,,Oligoasthenoteratozoospermia (OATS),Oligoasthenoteratozoospermia (OATS),Misc,N/A,,,
c0010002-0000-0000-0000-000000000411,,,Obstructive,Obstructive Azoospermia,Misc,N/A,,,
c0010002-0000-0000-0000-000000000412,,,Non-Obstructive,Non-Obstructive Azoospermia,Misc,N/A,,,
c0010001-0000-0000-0000-000000000039,,,Male Infertility Factor,Male Infertility Factor,Question,Coded,"c0010002-0000-0000-0000-000000000401;c0010002-0000-0000-0000-000000000402;c0010002-0000-0000-0000-000000000403;c0010002-0000-0000-0000-000000000404;c0010002-0000-0000-0000-000000000405;c0010002-0000-0000-0000-000000000406;c0010002-0000-0000-0000-000000000407;c0010002-0000-0000-0000-000000000408;c0010002-0000-0000-0000-000000000409",,
c0010001-0000-0000-0000-000000000040,,,Azoospermia Details,Azoospermia Details,Question,Coded,"c0010002-0000-0000-0000-000000000411;c0010002-0000-0000-0000-000000000412",,
c0010001-0000-0000-0000-000000000041,,,Male Factor Others,Male Factor Others (Clinical Notes),Question,Text,,,
c0010001-0000-0000-0000-000000000042,,,Follicle Stimulating Hormone Husband,Follicle Stimulating Hormone (FSH) - Husband,Question,Numeric,,,
c0010001-0000-0000-0000-000000000043,,,Testosterone Husband,Serum Testosterone - Husband,Question,Numeric,,,
c0010001-0000-0000-0000-000000000044,,,Testicular Biopsy,Testicular Biopsy Report and Surgical Notes,Question,Text,,,

